Query,Title,Link,Image URL,Rating
phones,Google Pixel 7a | 7 | 7 Pro - 128GB 256GB 512GB - Unlocked - Smartphone,https://www.ebay.com/itm/186577116952?_skw=phones&epid=8074111125&itmmeta=01JRZSGNWQ8Q0GR25M1VKKS3ED&hash=item2b70dcdf18:g:SMoAAOSw9NZmmrFS&itmprp=enc%3AAQAKAAAA4FkggFvd1GGDu0w3yXCmi1dj38AA8Ry6J0%2Foj8aSnsq7omthsqC7%2Fll16kv9mLfBxFAqfTMdHKG3YmIal1uAddXUqSOCenl7ZHAR5ZUoB8l8BybBTC5xua%2BizzqwsOiBgBq3UC3pwliB6187G9%2BICBqU8t5uxuHWkkSCEFCIBfa29bAnkH5TQRofrBLy1CBnj7AB%2BJxTMIOXiXxxRRsAc5s%2BCVbZkgkXeS%2BsC0SAA%2F%2BL0vunLVWlQcCHH1XgkBmUExl%2FrI2N%2BE5XfkK4BhQkv8%2FbH%2BGomuG5%2BZZX067WWNOA%7Ctkp%3ABFBM7N_C-cdl,https://i.ebayimg.com/images/g/SMoAAOSw9NZmmrFS/s-l500.webp,4.5
phones,Motorola Moto G7 Power - 64GB - Ceramic Black (Unlocked) (Dual SIM),https://www.ebay.com/itm/396372770411?_skw=phones&epid=20029779493&itmmeta=01JRZSGNWQJASDZBE5VZX55N8B&hash=item5c49a87e6b:g:CZ4AAOSw3FNn2vCz&itmprp=enc%3AAQAKAAAA4FkggFvd1GGDu0w3yXCmi1e1jvMVneHU9SXdoYE1j555ApP6IsCKJRLkRg1eCvgRKvX7DUbWpj00YlP%2F1xGw3sPun9ydz5bMXNf4sfM2z9N1zRyz9M3HnMthmhYgflJltl5xWi%2FaELaslSBG3XEkHTNuW%2BKAvNnJbHTCnP51Ab%2Fky7ZZgnfbhJoQeqFKryVD5aCvwtLzl8xU%2B1mmR50LdeCGipTLZsuElKKrXcCNHFlMEUwBubvaz6QzODklMMyx%2FJkZLUwLfJrpwhsbhekpgoXYnWaqSA60xvjKLqEfhJfN%7Ctkp%3ABFBM7N_C-cdl,https://i.ebayimg.com/images/g/CZ4AAOSw3FNn2vCz/s-l500.webp,4.5
phones,Working well Apple iPhone 5 5c 5s 8/16/32/64GB All colours Fully UNLOCKED Good!!,https://www.ebay.com/itm/126435608547?_skw=phones&epid=117394868&itmmeta=01JRZSGNWQWMMAJCW4E4QATRBS&hash=item1d702647e3:g:ugYAAOSwywhmIh~~&itmprp=enc%3AAQAKAAAAwFkggFvd1GGDu0w3yXCmi1d2wdtAYHLfk5e%2BXJquoNzobo8ehtOvuGbWyzc%2BE4VowrMBe8zL0I8BVNbdSL8CH0e%2FxnMZplnLp8oQLooSyf6L6X0HbRUChIhP1qJigONoEHzJ%2FvTrJIzpCTkZ94IeCw6Inp1dIxW9zvytEO%2Bei3ToaJ5NwNebhZNh%2FXzlmRaM6am6wNfHTgBvSWtnOb24PQab2tTOF%2FL3Ceehj%2FndwsfEFkLPx%2FujGKDb8rDJhrBIQQ%3D%3D%7Ctkp%3ABk9SR-7fwvnHZQ,https://i.ebayimg.com/images/g/ugYAAOSwywhmIh~~/s-l500.webp,4.5
phones,"Apple iPhone 5 5C 5S 8GB 16GB 32GB 64GB Unlocked 4G iOS mobilephone, Tested GOOD",https://www.ebay.com/itm/197106871532?_skw=phones&epid=170013921&itmmeta=01JRZSGNWQ8ETQWYBP7HA2AD6Z&hash=item2de47c2cec:g:LksAAOSwY0Nn09NK&itmprp=enc%3AAQAKAAAAwFkggFvd1GGDu0w3yXCmi1f8IzhdHFtt0y8uXB%2BVJdxmWUiPCG36ShzszlKfz2G2Pof17DguuOE%2F4KcKaKBavXuO0eLApbBrlHUlyfU9bjZnNV6rhXa8GHO9xv79ZtfALhTZXLMn5dbtRN5SEL5g9kemMc5oTda6z8vnRnnw6mRTZ%2Fb9EU3NvFeEY0eqLpe%2BE42XGVHSp%2FUOicNwg6rej8bI7Uy5TdS7Arq%2BLPIIUjTgVJOorzM1KCDZW5%2Fi9KihoA%3D%3D%7Ctkp%3ABk9SR-7fwvnHZQ,https://i.ebayimg.com/images/g/LksAAOSwY0Nn09NK/s-l500.webp,4.5
phones,Google Pixel 7 | 7a | 7 Pro - 128GB 256GB 512GB - Unlocked Verizon T-Mobile AT&T,https://www.ebay.com/itm/276557533467?_skw=phones&epid=8074111125&itmmeta=01JRZSGNWQH7VGAET7MW69MERP&hash=item40641d111b:g:haoAAOSw605mkYOL&itmprp=enc%3AAQAKAAAAwFkggFvd1GGDu0w3yXCmi1djKOFiNS1F%2BmfBsUTb40pO09%2FEB2QjO8pwsj9QoSBwaxAhP3H41rk31E4CaTLQO7Ezvg9vLwSGqgSaYetrRB6lDTv2Uj6Omcy5YOs1W2WXkGw0A7IHgLnGU64S7CFwRbgO0dV7lsJs0dtcDIE87SypAuRqrNsyalauvAuGdaPfz5dv7plGk03EKbIPtGoiCw8Vi%2BthanYCHvk7PWufGV6xg7QHroYWMG77ZRBOH%2F1Kng%3D%3D%7Ctkp%3ABk9SR-7fwvnHZQ,https://i.ebayimg.com/images/g/haoAAOSw605mkYOL/s-l500.webp,4.5
phones,Google Pixel 1st Generation 32G unlocked 4G android global smart phone,https://www.ebay.com/itm/236033424581?_skw=phones&epid=21075048931&itmmeta=01JRZSGNWQHQN9RBDCA7YZAA9R&hash=item36f4b03cc5:g:rKwAAOSwcX1n7PN-&itmprp=enc%3AAQAKAAAA4FkggFvd1GGDu0w3yXCmi1dCj%2FOy10RGCf0QPy%2FoPSGGLGYgflie73QXtdw2bwxXFI1zeVdl%2B58xT4FDqtHC67441M66bFbwRFgtrrt%2FwsMymeR8N61nz82F7JN8tvZKmSZ9JoSpBuwgBW2krBXgYCKmc8HFt1krp8RMgyHWEUKKTaCsAyD8Qf5w5U3IZnf0OO419SE5nH9WXs5p7D1cBKta%2BrlcHnen3HqOV2rXGVYGSqObwODoZwS%2BxeNVqI4eZr1yP9XhA3%2FHwQiQJgP%2F7wgI1%2Brq8Fph0abNdUFQbqPm%7Ctkp%3ABk9SR-7fwvnHZQ,https://i.ebayimg.com/images/g/rKwAAOSwcX1n7PN-/s-l500.webp,5.0
phones,Google Pixel 6 | 6a | 6 Pro - 128GB 256GB 512GB - Unlocked Verizon T-Mobile AT&T,https://www.ebay.com/itm/276523158982?_skw=phones&epid=2321383080&itmmeta=01JRZSGNWQ72VQ88XS41N0V0MM&hash=item4062108dc6:g:~rUAAOSwkf5mebZY&itmprp=enc%3AAQAKAAAA4FkggFvd1GGDu0w3yXCmi1emj60tmhGfemT3r0PNkcRMUqk0bmanH1KRli4CHP4vLFLPvYYRgtZVLGbKSgk%2F1rCsy961e%2FKbvaHticVsoUMmiq0uiQF4Q20Iz%2BuN31HbBytMKvzvaj26K%2Bxy0FqBN%2Foup%2BjZ0nmqE%2FpycUrzQlyYXX28GplAHGlKepervDGTR2zS7qjq%2BnqQbLieJg6Xiz%2FNA3FfK3EXv5YV1Lz5eWBal8Gi5%2BObibbmZOTF9e1mUE4gcBSwP83jf6AAl3GCLnDIFq%2BT2fUJm0Xvxbx9Bvef%7Ctkp%3ABk9SR-7fwvnHZQ,https://i.ebayimg.com/images/g/~rUAAOSwkf5mebZY/s-l500.webp,5.0
phones,(New&Unlocked) Samsung Galaxy A55 5G 12GB+256GB NAVY Dual SIM Android Cell Phone,https://www.ebay.com/itm/226061925475?_skw=phones&epid=10071478188&itmmeta=01JRZSGNWQG7F383XAWAJZQXSR&hash=item34a2573c63:g:qx4AAOSwyHpmASI8&itmprp=enc%3AAQAKAAAA4FkggFvd1GGDu0w3yXCmi1eDB7xilhOTuRlS09aC53B1o6OjuncPejjgmGiIZ3Kjzo8%2FWBwlrdO7p35e3roG4apzNEMu5erd8Tkfjq3Y2Tx0ItJWsJjx821yS0ffK9EqoGHm0IWaGCHlgrlKeS%2B0iKthsxCFveov6rPNFa20%2BjybgiFcNZlTiuo9H26qr1%2F1y7sAcgK7vrgfBW6vG%2B4PkcnWKjUnOJKt2un376b7BW8OVIoPy639xotBOdrhryLZJwLD%2BGGiGSphRs24%2FJM4V9P%2FP9EU3f3MoLUJC0d5idrp%7Ctkp%3ABk9SR_DfwvnHZQ,https://i.ebayimg.com/images/g/qx4AAOSwyHpmASI8/s-l500.webp,5.0
phones,Google Pixel XL 32G unlocked 4G andorid global smart phone,https://www.ebay.com/itm/236029844101?_skw=phones&epid=9075031100&itmmeta=01JRZSGNWRP7ZABAR7SXCVH9HM&hash=item36f4799a85:g:N8kAAOSw0yRn6gDN&itmprp=enc%3AAQAKAAAA4FkggFvd1GGDu0w3yXCmi1dHdz5DSza%2FWankx7EOwYRY%2F7lxTz3LCm7QHVJ61ukFJDL4WINWX9kkIiAVkOghsW6rGdFSzorHTEH1Pj%2B5qeWdu20Mk7hHpbjPUzMubLU9F2aD9L9bgjNXHKrqPgN%2BkZFt8hBiz5IOUZn7nueq16Rc6LahCdxTZojhty3MzNIFAZbLMiKsPjTZwREio0oN%2BWdBSOvZ3TKNvi4sBBgSn%2BZclaogFSE1ARJzkUo4tBnnPPcBlySaam0tr28EVcQoJTVM6cUBZYhUqIs5sr5hOAf4%7Ctkp%3ABk9SR_DfwvnHZQ,https://i.ebayimg.com/images/g/N8kAAOSw0yRn6gDN/s-l500.webp,5.0
phones,NEW LISTINGSamsung Galaxy S5,https://www.ebay.com/itm/388274457566?_skw=phones&epid=202201832&itmmeta=01JRZSGNWR1RD624PH7M33A671&hash=item5a66f60bde:g:nBUAAeSwzLdn~-RO&itmprp=enc%3AAQAKAAAA4FkggFvd1GGDu0w3yXCmi1eIrcA4MWYc%2FXHon7Jz9uPZKxvxw0xx1QKpfTHftafQN5R5mqDxvOBYNQCXsp3CX%2BusaqTE3GWhSoOcHbSia1ehxDfaIwtdkKD8UaOcz%2BvyCFdqPkWZHotOEaLoU%2BpFUTg5VzdDA2GKYmCZ67Ie72G%2BXRVa2ReQcGOyjUbHXkzU%2Bwu1kIh45xu%2FUt52wEC8JyEKt9IzjmcaUA7zx1TB0w9rykws95HBVAqI5Or6WSFRxiFlkP4qwPv6mCh25dypULJfYv3iVVhxtCIwcWL1MjoJ%7Ctkp%3ABk9SR_DfwvnHZQ,https://i.ebayimg.com/images/g/nBUAAeSwzLdn~-RO/s-l500.webp,5.0
phones,Nokia Lumia 1020 (AT&T) 4G LTE Smartphone - 32GB Black,https://www.ebay.com/itm/305694549335?_skw=phones&epid=168372157&itmmeta=01JRZSGNWR87AFJE1MZRWP9VTH&hash=item472cd0a557:g:8IMAAOSwiO9kfgKb&itmprp=enc%3AAQAKAAAA4FkggFvd1GGDu0w3yXCmi1eqUdhTClsjtk0btnsZ4DBc4Gh5DuvdH3pllyZRMDsCBlxoqZQng%2BuVsWHacHDo7F6wmY8zk19UYe1yfTh7eW%2BMh5mPkKjX1G0nEPurJogAnl0MWCja50Y5%2FF8%2BE1UmH7FYJOzrEELgQW5YCOsvinqHat9GikdOCRDzDAAiacKN66T4sMLqXhTdrLaNpKLmpJWkeycIW1VR2S3R8Uyj%2Bw1Sq0HVEgoW%2B5zigiD3PivGHgf65BR2goExtU0VVzYJYfxEDBVX8ZI%2Fzgb%2BMxX5v5Y0%7Ctkp%3ABFBM8N_C-cdl,https://i.ebayimg.com/images/g/8IMAAOSwiO9kfgKb/s-l500.webp,4.5
phones,Huawei P40 lite 5G 128GB Black/Silver (UNLOCKED) phone,https://www.ebay.com/itm/236015024759?_skw=phones&epid=27039167417&itmmeta=01JRZSGNWR9W3T9P7KPWPRV35R&hash=item36f3977a77:g:QO4AAOSwJotn3ZI9&itmprp=enc%3AAQAKAAAA4FkggFvd1GGDu0w3yXCmi1cMJW68xKzlHuNyVHBDKdpT5lhnAdZESoSNptu%2Fzzjqum2Sy8Y%2BH81tQQ1oD2AvL%2BKNqzIq3%2FhjbF0PXvuBqt4NiPq0UzzZSOfni%2BqKs8tt9Xo6whJ%2Bhnj6fbq2yyyslZEYoMAmO9Kd7MxfHk6EEA%2BY0vz0n5xkfPmftHlpsNgKIJpjbJqrMAMbQQmedsEFiWBpzi05Mf9suWrd%2BDqAJhN9qzB9CJDoWnfm9mX3C3Y583tZ2%2BfgDFYPnd2Qq4DWXzHGEDCq%2BciRh%2Fieo81zUUxg%7Ctkp%3ABFBM8N_C-cdl,https://i.ebayimg.com/images/g/QO4AAOSwJotn3ZI9/s-l500.webp,5.0
phones,NEW UNLOCKED SAMSUNG GALAXY S21 ULTRA 5G SM-G998U ALL COLORS AND MEMORY GSM+CDMA,https://www.ebay.com/itm/204252543375?_skw=phones&epid=22043687761&itmmeta=01JRZSGNWRG7CWMYKS2M2X603S&hash=item2f8e66798f:g:DPYAAOSwXrhj9dRw&itmprp=enc%3AAQAKAAAA4FkggFvd1GGDu0w3yXCmi1enWhLNHDU1xfQ2teE57KWVyFLmNXXdVq4LZwX3bq%2FQQrIvwQm6xUSlomtyUUJ7y%2FLUZsWJDFkOC3wbTQ6aIMXgy7e1iAjLY%2BL82ikXUZnPPX6uyQue%2Bkislk3tEUXBuIW5Ml5ybTSNLK8QxC6PKAUXnYhI5pw1ZRv42U9LfZ9lLfGUf%2F3SMW8S%2FYO1aVffNZ2XJDBi9DKyRzBeyn7%2FT0YVh%2BBD6eWcsROmmT65iKF6iyVbHxoQZn%2BKSQvF9R5Sm9MissYQWs0Ag%2BHz58EocPui%7Ctkp%3ABk9SR_LfwvnHZQ,https://i.ebayimg.com/images/g/DPYAAOSwXrhj9dRw/s-l500.webp,4.5
phones,Google Pixel 9 Pro 128GB - Obsidian - (Carrier Unlocked),https://www.ebay.com/itm/156519987307?_skw=phones&epid=2342513280&itmmeta=01JRZSGNWR1113H956SEHNR4YG&hash=item247151786b:g:TGIAAOSwGidnN6mR&itmprp=enc%3AAQAKAAAA4FkggFvd1GGDu0w3yXCmi1eGaQajs21%2BMDOvrzSve%2Fzm5LhfBiLmBrapWHkNFkB9yHFBou5LprvhB2fCylaDUMUyejuBs51BbtPialG0AB%2FGqEjE%2BnSAL%2FtdYBtEV%2F%2BNpfOyxQje1VVM6mRri2%2BEw2B9mYu3fE5ZJiEbLcYkB%2Fp5CMn0u4v1O2yD8x2J2Fylu1Qzg25EIV%2FYccIo5Hiy2ErC4IpbOSK1kI0JzAjv%2FGF6U8ouVhlKsBBDBNHpPcsuW8UkVxfRskFHD9xRg5jXeKTkZDk%2F598ByU61cuIXzY68%7Ctkp%3ABk9SR_LfwvnHZQ,https://i.ebayimg.com/images/g/TGIAAOSwGidnN6mR/s-l500.webp,5.0
phones,NEW Samsung Galaxy Note 8 SM-N950U 64GB GSM Unlocked AT&T T-Mobile Verizon Metro,https://www.ebay.com/itm/202746104099?_skw=phones&epid=239011926&itmmeta=01JRZSGNWRW1V2MWQ5MDCVGPM5&hash=item2f349c0923:g:028AAOSwARhedS-R&itmprp=enc%3AAQAKAAAA4FkggFvd1GGDu0w3yXCmi1fibor3ovOT7xZ%2BLRBL8JQroK2X%2FGdYCAMFK9pvc8h9l4I624MXDkB%2Bb6G11zsQzX2knxLsLkktBn%2FGHeh1Wza0oluxr8ocXn9WWc9HBUkERFZnjnUVJX0LRQJ6B3cslEfGKOTZgneC8OgaldpdOoBRUgpqHzuWfc2EXJON9q7iSNoOJIm9cZcWgiCQIxR8Bk7lp7i2xk1cq4fcW3VVqa4DYozPn7oMrF5rUf8Q7PKo%2Fpa43qY6FcnnDMjFbU8Z0ZGUyMvyt1UZkE4vmKeu4gtS%7Ctkp%3ABFBM8t_C-cdl,https://i.ebayimg.com/images/g/028AAOSwARhedS-R/s-l500.webp,4.5
phones,NEW UNLOCKED SAMSUNG GALAXY S20+ PLUS 5G SM-G986U 128GB BLACK GRAY GSM+CDMA,https://www.ebay.com/itm/194520534603?_skw=phones&epid=20036893230&itmmeta=01JRZSGNWRCPTQN0RT4Q294W1G&hash=item2d4a53ce4b:g:kyQAAOSw81dhm1h0&itmprp=enc%3AAQAKAAAAwFkggFvd1GGDu0w3yXCmi1dn4%2BlN7Of%2FZxcuFNOB7Dzq19PLDiV4airhBo00Vc4TkL5JgKoreBmSVXS%2BKhhZkRH19VjI5Jw%2FiQbtzD3wXN8kPRJ6y%2BS2D9FgWeg15026XZP7V70bH4JOP2MebyMb8%2BXEOHB5WL8vcaCb7m6Asbd%2F6PqBSiEHnTcCNxwWqaeFgjWQgOGDyVwFj3zr1rFrlWS9Sj%2Bdf9%2F6e%2Bo56ui5IvpIRhSfqnkwHFCaytSRWvP%2BVA%3D%3D%7Ctkp%3ABk9SR_LfwvnHZQ,https://i.ebayimg.com/images/g/kyQAAOSw81dhm1h0/s-l500.webp,4.5
phones,ðŸ“± Apple iPhone 5C 8/16/32GB - Unlocked Multiple Colors Grade A IOS10ðŸ“±,https://www.ebay.com/itm/334971128868?_skw=phones&epid=241104095&itmmeta=01JRZSGNWR5ZKF9WH03Y87Y67F&hash=item4dfdd5cc24:g:ASMAAOSwPA9kyLaB&itmprp=enc%3AAQAKAAAA4FkggFvd1GGDu0w3yXCmi1cPOD8oGHWmeWIZoVgBAuWdrr%2FRcBVpRFbAoxwMTogKTBlJ1TbWpwhbsNDL2zZe4u6Hc5w8cg50fKCpU8HMi5f%2FzWIgzggMwxxIKdnanm3G51RY0sYl6WYg1jnJusnT2ji8Pwx8c%2F%2BXno7VS%2FcCvmlERMsE1AytFUI6hl%2Fd3js3JAPKZCcE3Vl02M8O2H30vUskqCSlmxaWbMtdTKkJh1f5pskvOk0Tb4BwwZg8oiyXt1xLfn9Q6vQWspRwBIumeg1oDlVdDbPnHVol2BFESl0U%7Ctkp%3ABk9SR_LfwvnHZQ,https://i.ebayimg.com/images/g/ASMAAOSwPA9kyLaB/s-l500.webp,5.0
phones,Samsung Galaxy S22 Ultra S908U 256GB Unlocked - Good,https://www.ebay.com/itm/326505298186?_skw=phones&epid=7071604108&itmmeta=01JRZSGNWSTMVKQTNBV5J1VQ9A&hash=item4c053b790a:g:D4IAAOSwtJdivGHj&itmprp=enc%3AAQAKAAAAwFkggFvd1GGDu0w3yXCmi1do2bLYoUsp14ynZ3YwhliERBx398RrxzTgH4QfoYdCF0M4oNiH368xe8meT9qKXYCOmNECTcCpSB6Ky4XSoiXhA6FbyuflZgy%2FRxJehwydrghPiLUVW5m6wBmDF7tN2PDb1J999RpqO0EtkKWXauPUD9Gn56fE69MVJF1xRW5DUPbYaamV42f7KTws3NJCYssStL2EM%2B2%2Bb02CsaF1PZCdt8zd4zltwLesyd%2FKCZDTpg%3D%3D%7Ctkp%3ABk9SR_TfwvnHZQ,https://i.ebayimg.com/images/g/D4IAAOSwtJdivGHj/s-l500.webp,4.5
phones,"Tested , GOOG , Google Pixel XL 1st gen 32GB 128GB Unlocked 4G Android phone",https://www.ebay.com/itm/405762453200?_skw=phones&epid=26030890556&itmmeta=01JRZSGNWSHGAQCK3J3NNRJKM6&hash=item5e7953aed0:g:wY0AAOSw6a5n~N7g&itmprp=enc%3AAQAKAAAA4FkggFvd1GGDu0w3yXCmi1eNFetNMszC5XY5KzLlsqOkVoPZtQ7RmirjC2Z3Yz%2F2V2tyOysogxZ%2BnIn6BZfmWVooIaeR3XPUkKmeFeUTAAYRUnu3zqqKkKgo179ul%2FOy3WB7f3p1K%2FOnswIM2ytigxjh%2BdXe92MJq0jmWFuqKlpicmTp6AnHa60DpPvCf9xj%2B3GQiQ3mGopHBq85tI--nfE4zf5qj5jAnzxBLmhJEZqurIzt8rQp0kOyob9e4AJj6jqJxjTIuEcwbGAbe%2FXtm56UV7cnQjlAqH%2FDnqnsUJsa%7Ctkp%3ABk9SR_TfwvnHZQ,https://i.ebayimg.com/images/g/wY0AAOSw6a5n~N7g/s-l500.webp,5.0
phones,Apple iPhone 11 64GB - Fully Unlocked - VERY GOOD Condition,https://www.ebay.com/itm/224785456700?_skw=phones&epid=10073689362&itmmeta=01JRZSGNWS4XHK0MSNW5DK2S45&hash=item345641de3c:g:05oAAOSwT-pn43GZ&itmprp=enc%3AAQAKAAAA4FkggFvd1GGDu0w3yXCmi1fbCYll1ys%2FNWVKe3T7zbxkW98FrzTKG5owMuawVGtw9t976kkpvtk%2BXshueKhBKZXJUutt4KLLhlclw4H3Fj5%2FImL5tv82Izc9aOMsNnbGd%2FxEzA2Vg6GYkFVNH3Sm818UmNfFNhgrKAgygOcs%2B9pxeA16RitA6yXygYZK9T1BMxhUnoJNZb5dFDMbIkPaclQyPSdRe2sU8wknViH2uoD1t9eU0CbV7SKYppYLgNbYVXX8bO6bYR9sobgvuohtMtFVAaggSmz7fZ8wZ5Iehdak%7Ctkp%3ABk9SR_TfwvnHZQ,https://i.ebayimg.com/images/g/05oAAOSwT-pn43GZ/s-l500.webp,5.0
phones,OnePlus 10T 5G 128GB Moonstone Black T-Mobile Unlocked Smartphone - Brand New.,https://www.ebay.com/itm/185997734023?_skw=phones&epid=6055469363&itmmeta=01JRZSGNWSDS2F99HA04R03W3Y&hash=item2b4e543087:g:RlQAAOSwhRhkuYfh&itmprp=enc%3AAQAKAAAAwFkggFvd1GGDu0w3yXCmi1fS06oS7Y0ssjIWxQHqworp%2BfxKnXVqhC3gAuMm%2Bo1vQ7fS8aIPal%2FOeyYVfp6zMuvQRzE%2B3lHNRtlOH5gKgYChlMgK9xaaJmMRfbeknNseGDgElnKTCDuSZ5LQlmXFEnBoUr%2F0n0vwZF9h73FJtC6r9fD8BfScdiOJ%2FiOGJEoXeuyy4np9WYoFR5PNEHaSQRPuTQcL4lg0OySauKCTxxjLvpJ9P%2FjuIrIt2LrwshaUow%3D%3D%7Ctkp%3ABk9SR_TfwvnHZQ,https://i.ebayimg.com/images/g/RlQAAOSwhRhkuYfh/s-l500.webp,5.0
phones,Google Pixel 7 128GB / 256GB Good Condition,https://www.ebay.com/itm/267192077481?_skw=phones&epid=28058932203&itmmeta=01JRZSGNWSHYWTZ3MBCVENT5ZT&hash=item3e35e38ca9:g:PDkAAeSwPuhn9SMX&itmprp=enc%3AAQAKAAAAwFkggFvd1GGDu0w3yXCmi1cBO%2BngsCDOLwx%2B4cRdJE8cLRzmtOl7s8b03xwjkd5KD2n70XUoPK1KrylfPAFc3uoz4%2BCFFG0tdBlNPtX4tm7JErQLEnPskgemUqDo6PaD7vOOOFQg4H4HolEddHaEgTZE5FGfG4sPhDB2XVvz5k752n6Uzz8aX8iYSU7wRORW%2Bxfl3Ue1U42%2BbergkFPMMYFhj5W3S3UbTKM2V9whhpRaDl%2BmDEjoJhZTKa05hqKRSA%3D%3D%7Ctkp%3ABk9SR_TfwvnHZQ,https://i.ebayimg.com/images/g/PDkAAeSwPuhn9SMX/s-l500.webp,5.0
phones,Apple iPhone 12 64GB - Fully Unlocked - VERY GOOD Condition!! Unlocked!!,https://www.ebay.com/itm/325852789181?_skw=phones&epid=12041705164&itmmeta=01JRZSGNWSZXMMPZWMCP0WYQT9&hash=item4bde56f9bd:g:obAAAOSw2IplMD~7&itmprp=enc%3AAQAKAAAAwFkggFvd1GGDu0w3yXCmi1cGuqGw5Z8hMxHn7lFKCOmeKdiXhONIQZH6Oe0j%2Fu7E7dRirxdSAgt4khgKMWvnV5jLqIlGUkkcPGfzMs6ahjgRkif1GmcfYXfrjkyPMwIFPbnY2OPgCIaSntYkzju%2BVBEsYDvo6cV5yAQHRGkMUpPmQMBQMINa0ssviEMBapw%2B6bkuaEhn4i5Y5EyBg87Esr7uV3%2FbO4EwMxcpC%2Fkr9vp1k93nLn0t2LpHxPK4OdOVAA%3D%3D%7Ctkp%3ABk9SR_TfwvnHZQ,https://i.ebayimg.com/images/g/obAAAOSw2IplMD~7/s-l500.webp,4.5
phones,Apple iPhone 13 128GB 256GB 512GB Unlocked [AU Stock] Pristine Condition,https://www.ebay.com/itm/316434906569?_skw=phones&epid=18049286575&itmmeta=01JRZSGNWS5SC8JNDDQA4V6FH1&hash=item49acfd7dc9:g:FBsAAOSwAmdnxmNJ&itmprp=enc%3AAQAKAAAA4FkggFvd1GGDu0w3yXCmi1f%2FsmmtPOCGwpyK2fMN0viw2hwtINAmqzzmUZMpPmOuQJ20qkbgyOXzS3SkETr6nHqCJ64%2BeZEtdTQZe3e%2B3PXStLsxqQO9R68b%2FOLx6JjVb7WSpuIp%2BpLxwU7b9ITqXT3bJT1ZiI4Xw9neU6ft%2B47C6Zq9pTGF3AhbWW2Qw49QcToHSdsNkQQOpmUxxUfUXTUtQ8Bfd78KoHU4WNKs0KBat%2FUf5mbxqGF%2BmrvfE%2BZilj5HjLnaueTiqoibkXGnaDUHpB2KIBEbfWBuQCy1HZjU%7Ctkp%3ABk9SR_TfwvnHZQ,https://i.ebayimg.com/images/g/FBsAAOSwAmdnxmNJ/s-l500.webp,5.0
phones,Samsung Galaxy S21 Ultra 5G SM-G998U 128GB Unlocked Excellent In-Box All Colors,https://www.ebay.com/itm/266444807994?_skw=phones&epid=22043687761&itmmeta=01JRZSGNWS0RASV6EA5VJT5PNW&hash=item3e09591f3a:g:gk8AAOSwBXpnl-lE&itmprp=enc%3AAQAKAAAA4FkggFvd1GGDu0w3yXCmi1fcq%2BjHEtsBZqi35H%2Ft7sK0Kpz0BOQXT5IaGTOZ7GBD%2BsRC%2FHwzOC2sz%2FHZQpf6nbwwqY4e%2BkpW3EhZmYQNZ3ixRd%2BLQE5K4yglejCHckaC9rc4WiAh39c8EoZg7Ey0kRLYVmaDmpgHUFhKhG1hJRZjW4BcGyGmAwyvrv0IbeqGLuesUUKltAtpeKCC5eEnJUpz187S2ZhCnTpkZx0M%2BIh%2FWk1G3%2Bqc%2BDE9UNpYCoDQDw4qr%2BWGwCBHfiE4tqpcox9nmb05EFP1PuhUupEGlvP4%7Ctkp%3ABFBM9t_C-cdl,https://i.ebayimg.com/images/g/gk8AAOSwBXpnl-lE/s-l500.webp,4.5
phones,NEW Samsung Galaxy S10+ Plus G975U 128GB Unlocked GSM+CDMA AT&T T-Mobile Verizon,https://www.ebay.com/itm/203580679226?_skw=phones&epid=28029469276&itmmeta=01JRZSGNWS380AN0JM17SN5XPN&hash=item2f665aa43a:g:S8oAAOSwLxphJqud&itmprp=enc%3AAQAKAAAA4FkggFvd1GGDu0w3yXCmi1cmYQCME4ACVWOwegeX8uPPH9CvowGaXN9jyc%2FK3VEPtLzVEtQoZmQg%2FAAsF1E9x4MrT8GxmaTZamyQe6wQMbdN6TatsEBuGrEgYqiAnwgYVxxF5rdlmHGrhmRDQVScrLgMFLp6c4qKZtOIXojF9Chw%2B7jVWkkfqKtbvZMJac1aqURGi5r9PcDDMKq3fWSX%2FCUmyxb%2B2mY1xhfvs2AswFqHRbGfEraGsAULVfaCJF79GuH9zHOWPR1mTZceI5XNMsKKT5PwJV5geEGi%2Fq%2FoTTsM%7Ctkp%3ABFBM9t_C-cdl,https://i.ebayimg.com/images/g/S8oAAOSwLxphJqud/s-l500.webp,4.5
watches,Luminox Men's XA.9272 F-22 Raptor 44mm Quartz Watch,https://www.ebay.com/itm/335427318171?_skw=watches&epid=14065202354&itmmeta=01JRZSH0037HH3N6RBJ2HPV7AG&hash=item4e1906b19b:g:akEAAOSwzIZnwfIB&itmprp=enc%3AAQAKAAAA4FkggFvd1GGDu0w3yXCmi1fibWUQn1ftKvKDvC90lj6cEWgOXOe%2F4W6n%2FW0Uwi8dpBxiAr5XjgLzjsBvDCVVr%2BOZW70VuxOzq33sMmLyNF%2Bv%2BOdagVnVE1dBYQ971jS3IopgFnrPkPqFjpcGf68uIBol9RdVqsKD7NUTP7byd%2BRvRyambpN1cEJKabTSMkVAs7j7IWP8%2B7bhPimpf0c2cv0PgJT7LpgKrIzsMDPHXGu6rhqHNVLWEhPjFq40Q68O7vYAB%2FqOXpBl666ldevWvHDPYuMMNSJCG8D9aQIDdYqI%7Ctkp%3ABk9SR7aAxPnHZQ,https://i.ebayimg.com/images/g/akEAAOSwzIZnwfIB/s-l500.webp,5.0
watches,New Casioak GA2100 Custom G-Shock Royal Oak Mod Stainless Steel Silver Gift,https://www.ebay.com/itm/388109771501?_skw=watches&epid=4052188844&itmmeta=01JRZSH003BP48YRNEHK2KE6JV&hash=item5a5d2522ed:g:mWQAAOSwEblmWQFw&itmprp=enc%3AAQAKAAAA4FkggFvd1GGDu0w3yXCmi1cC3a7TGK0EKYJYxhM5RltFQxXo3YpWJDxfoSY0PZpI86fPe%2Fbm0Xua%2BltxdB74%2BJ4pEK%2Fs0SA9Igaxm%2BHgn2VIfy%2FgF75SN6m0ypD5iJINdE5y0E5--b9S%2Fep5uOq%2BOiqfDhTVNa7sryyFLdI0a%2BFDHsS4oJkNNuzoVEWu870mKT6QMArg3Z47op%2FcyyjgiEGsxPcrYMoGbZ5Ap1sZ3jYB7E%2FZT3ytmOFTuxeK5D%2Bvx2sgqHmKbvEKF4IKKK7AZG1qt2NORjCmtyD28gHYOcW9%7Ctkp%3ABk9SR7aAxPnHZQ,https://i.ebayimg.com/images/g/mWQAAOSwEblmWQFw/s-l500.webp,5.0
watches,New Omega Seamaster Diver 300M Automatic Black Men's Watch 210.32.42.20.01.001,https://www.ebay.com/itm/353398322713?_skw=watches&epid=12058154130&itmmeta=01JRZSH003VF0B0B3ARPG6SZAX&hash=item52482e7619:g:2poAAOSwsalirLSc&itmprp=enc%3AAQAKAAAAwFkggFvd1GGDu0w3yXCmi1fGVVkRQ7YrXXFYjICFR%2Be%2Bg83TlwI0aYWtBr0eXfwKbE0xGWAM1Cr0GlH36GSlmHjgRqSJpJhiB5ujd403smGFe7090A%2B8DDhFt63oeMurZxsFiwx2R%2FXdhRpIfCO0%2BDDp0quo5Z8Bz78LwW%2F%2Bz%2FoFL%2BjNzwehq3uko2MMzuMa18WaT7sYC%2FsM9x0bVzX0goeceVp%2BVXxJGURXsB%2Bu%2BupZIyRwn7kctOVSFqevmeVCSw%3D%3D%7Ctkp%3ABk9SR7aAxPnHZQ,https://i.ebayimg.com/images/g/2poAAOSwsalirLSc/s-l500.webp,5.0
watches,Bulova Wilton Classic Men's Quartz Chronograph Watch Blue Dial - 97B170 - 46mm,https://www.ebay.com/itm/146332108300?_skw=watches&epid=13017383069&itmmeta=01JRZSH003DGYK3N0KDMH95YH2&hash=item221212c60c:g:vtsAAOSwCBxnh04p&itmprp=enc%3AAQAKAAAAwFkggFvd1GGDu0w3yXCmi1fxmQ%2FqF14ncp0r0U3JfV7K4VF95bgCZyEZ%2FGKi%2BOcZHOxMEEr3ISGfB4rnTslDOYY74eccqE4sg3AXy8uuos7%2FHC%2BGLVTex8kLxdpFHU9f975bilyAcEBxDuC4E%2BHQnaR6u7I5zwFFJbIxnrr4VbbBsfyPTdKwrZL487Ds5ncmjsHKCbrkWsEfHqRKFEF5HUgkE4RbsoefJXvYWSmj20lVYcHtA1rONAxn%2BIWZoqgdOw%3D%3D%7Ctkp%3ABk9SR7iAxPnHZQ,https://i.ebayimg.com/images/g/vtsAAOSwCBxnh04p/s-l500.webp,4.5
watches,TISSOT PRS516 T-Sport Men's Watch - T044.417.21.031.00 CHRONOGRAPH,https://www.ebay.com/itm/177015439093?_skw=watches&epid=11043770205&itmmeta=01JRZSH00486WFXPD3GNMYKZ55&hash=item2936f13ef5:g:bNoAAOSwYR5n-Y~N&itmprp=enc%3AAQAKAAAA4FkggFvd1GGDu0w3yXCmi1fS0tmRWt4E6m6tSabrd2Oq9KYpmTCMSoKSuBQ2%2B52mRsd9RhQXr1Xpagd4xkArc%2FfsTwdGvVSrirotgeplbUC3sr74wd9qumK2UBXzJR22WXm5IZQK9s6rtTQoeJGMkYHBfc0Gtq0Oajix0%2FAVzWVhxQXLeAYY62N6jo2DwhdLQAgBgxbMBsoDWohLBHwZZ4CVMxp%2FZfHmCRGBe7YF%2FfEJYg5N5oipMi7cUExUNmjbA%2FM0Ec4Z9B1ABIHXO5fd3wf0D2HDDpR%2BDZFmKTfApwR%2B%7Ctkp%3ABk9SR7iAxPnHZQ,https://i.ebayimg.com/images/g/bNoAAOSwYR5n-Y~N/s-l500.webp,5.0
watches,Bulova Oceanographer 666FEET 98B320 Automatic Black Dial Men's Watch Devil Diver,https://www.ebay.com/itm/267178426548?_skw=watches&epid=28023119277&itmmeta=01JRZSH004C3TKVX5F7NGH20KQ&hash=item3e351340b4:g:Y1sAAOSwwA5nx1cw&itmprp=enc%3AAQAKAAAAwFkggFvd1GGDu0w3yXCmi1c6fWNi%2FSWyvbzJR3ZpoU8VnZsI8IQtin07If%2BUzQX30Q--Ei2q7NMFR%2BhrYCIWaBZKEu%2Bwt7naoUAwB%2FWg6TmAXQM0FyKbcN1stHGZSupXk5HYIDKvextlnLkUJlEj%2BWAOePKkW2eTV0gPliaOSNw%2BzhLAf4lyL6f6BBrRPmfI6SVvGRnLta0Na0A1NnOiP2cZPYHx3hmfu7VMhbFf5Lmn9dBc%2F1TW7E5QnMyXSVxHMQ%3D%3D%7Ctkp%3ABk9SR7iAxPnHZQ,https://i.ebayimg.com/images/g/Y1sAAOSwwA5nx1cw/s-l500.webp,4.5
watches,Invicta Men PRO DIVER SCUBA CHRONOGRAPH Gold Blue Silver Dial White Strap Watch,https://www.ebay.com/itm/394082805647?_skw=watches&epid=2049409928&itmmeta=01JRZSH004AP8CZW9CAVRXRWGQ&hash=item5bc12a678f:g:PYUAAOSwPNJih7o1&itmprp=enc%3AAQAKAAAA4FkggFvd1GGDu0w3yXCmi1doYNcKCb684f37r2emvEpVSFk7oBydsQ2D2mLY0NaOP9vsTfdM93wQbiMSvDFgSxsBNYKmSrA7gHx9NOLIbvNL0biPazF4pTE0EbfNfVCf6YdF3eetJy32gV2iW9IzD3Dtxqe1s7y4JWbDLyObV66NNeB6EAke1ZeEamc9qIjV2oT2Bw1iBK3cbIUvGL1Va4XUb9T0DMTtp86BzgUyjysIfL2bOvIKE17pksqZpCLjhylHXF0eo3ilUoOeOKkUhkPQ9RQseBKsG%2BJDpIrnX9zI%7Ctkp%3ABFBMuIDE-cdl,https://i.ebayimg.com/images/g/PYUAAOSwPNJih7o1/s-l500.webp,4.5
watches,Bulova Marine Star - 96B272 - Black Dial Stainless Steel Men's Quartz Watch 45mm,https://www.ebay.com/itm/156385657738?_skw=watches&epid=7003799499&itmmeta=01JRZSH004KPHEDH0ET2FDRS8S&hash=item24694fc38a:g:utYAAOSwBXtm1Rgj&itmprp=enc%3AAQAKAAAA4FkggFvd1GGDu0w3yXCmi1dI0H4vkiHNFIkVFWWrdNOc%2BG1nb7Ocuxi9w94Xc3vzCCfuMMtznkynFgUoBBm55iLsf19330uNiVGBEa7eK%2FRyroESpl2gbxr0hiAObKb8dpzxG5WOwL%2Bv27tb4Gqm3uTELsMmwIeCwfi8qstTLJbkodDHkOk3RQRCZGqA%2Bnw2UEP74ba%2B0zkC9z2h86WqG1WRoUPFuaF582h9C1D4knt0nTvaKQn9rOQ3cH7qDGpqpnjXqn0z6DaN5TKNZsWE46qzKfhOtsO7vpWy3Y2bxYsd%7Ctkp%3ABk9SR7iAxPnHZQ,https://i.ebayimg.com/images/g/utYAAOSwBXtm1Rgj/s-l500.webp,5.0
watches,Seiko 5 Sports Automatic GMT Black Dial Steel Bracelet Watch SSK023,https://www.ebay.com/itm/127029592441?_skw=watches&epid=21064607514&itmmeta=01JRZSH004S31A7WV18RB1EBAV&hash=item1d938dc179:g:~jUAAOSwoeZluXZu&itmprp=enc%3AAQAKAAAA4FkggFvd1GGDu0w3yXCmi1ckYoydbZi0%2BxjU8yVgb9zY%2FYIg6bka8ePG505cEmVKAGC2B6QOj90XCOw6KDZei7zW90jdWirr0AxGWu4Md%2FJAW%2BinPVVkz8SLPwTK%2B00i1r4WlAVej9ucISZdfjrFyWCno0ojLWKluqJvz4q25dQbyyG3A%2BF7nB1zm5ZaGrCrcNbb4GeWlqt0QFsv8IEvcTxpr3kyVROPjVPGH3z7otniCsWy7AEpUWThJTaQC4mW0RUQnrdR%2B%2BIKJuAcuptoxYJEOCiIlCc3%2BP7isTbep5vv%7Ctkp%3ABk9SR7qAxPnHZQ,https://i.ebayimg.com/images/g/~jUAAOSwoeZluXZu/s-l500.webp,5.0
watches,NEW HUGO BOSS 1513340 MENS IKON STEEL GOLD BLUE DIAL CHRONOGRAPH WATCH UK,https://www.ebay.com/itm/292923419292?_skw=watches&epid=5034041489&itmmeta=01JRZSH004Z4PDNGYE9AVT74B6&hash=item443398aa9c:g:kBIAAOSwuyNkATUA&itmprp=enc%3AAQAKAAAAwFkggFvd1GGDu0w3yXCmi1cSuLajKIjYSc09Wdv0h8mUZkVkyuG0Ir%2FMJPXdwf0eDB0qF0WvQLhWP6cnDzotDqiHruyJA4vHycED%2FhFYRp2mQ%2BEGelTGdD%2BCKL9S4E9ZTNhidVpkLEvcA592e1FhAQ9tiP%2FiqWeU68XlvsPBSdMKlD7Ccq1R9XETM8P13K9%2BBEclJLc%2Bh4Oe65SglUHM8WoyAnXZecwt4AqQW5PM09V0LqOcTYM9gD5pDoI1suHN5A%3D%3D%7Ctkp%3ABk9SR7qAxPnHZQ,https://i.ebayimg.com/images/g/kBIAAOSwuyNkATUA/s-l500.webp,4.5
watches,Hamilton Men's Jazzmaster Thinline H38525811 40mm Automatic Watch,https://www.ebay.com/itm/334782779991?_skw=watches&epid=16055218186&itmmeta=01JRZSH00491E9VE3ZZ77ECZZ7&hash=item4df29bd257:g:K1EAAOSwBVpnwdap&itmprp=enc%3AAQAKAAAAwFkggFvd1GGDu0w3yXCmi1e1cE5wk03Xtm0T3aSj4VZVkJOhctFG%2Fvarpk1JYqqzP%2FbpiuvYU4t4l13hahc0OArViItkX3DDwzb%2B1D9bLTlgGWkPIZujrn2RQNkeOx8alxcesmabM3%2BSvsR9SnSs7I%2F4zNEyoSjWB4RYSarrJuZYYN8uO8tMQxBwdn1AVQHJkIdEw3p7A5SrlyScxz612dk5jZ5daZUkMz%2FXJZWHpKNtdHqq08EaoWh%2FOs0j%2BoAs5w%3D%3D%7Ctkp%3ABk9SR7qAxPnHZQ,https://i.ebayimg.com/images/g/K1EAAOSwBVpnwdap/s-l500.webp,5.0
watches,Mido Men's Belluna II 40mm Automatic Watch M0244071105300,https://www.ebay.com/itm/334938599788?_skw=watches&epid=1073613602&itmmeta=01JRZSH004GVBQRP0PD6P2PJBA&hash=item4dfbe5716c:g:z7MAAOSwRPhnwd5g&itmprp=enc%3AAQAKAAAA4FkggFvd1GGDu0w3yXCmi1ePX%2FjmKiAhWorvB9R5NLg9lnIJrXGcOwM23Hrf6MKGfAEmWh112yM%2FNjXpJvHEMFvMgij3W%2FFqR6Q0GWndDCJDsoXapVIh%2BKqd2xkW7ghYV6Te5oBjxIboUpzTMHqQrR7fGjvLGPCMZzNB88QlNxlsCZjYEw0dwFCqU6xfy3pzghLEA8aPYJ6brv5T%2Fe3RZCtchO8zpsvc2JcxlkDc%2FFUFgotWwE%2FNubh%2BEwJ34U0oTZSUNj9maA03UfmhiZr7Se8VVuj9zxPt2mJ3HMfIs6e8%7Ctkp%3ABk9SR7yAxPnHZQ,https://i.ebayimg.com/images/g/z7MAAOSwRPhnwd5g/s-l500.webp,5.0
watches,Citizen Men's Star Wars Millenium Falcon Chronograph Ana-Digi Quartz Watch,https://www.ebay.com/itm/186432784080?_skw=watches&epid=28060858368&itmmeta=01JRZSH005FTC1E60YM98W46ZJ&hash=item2b684286d0:g:mW0AAOSwz91mOp-T&itmprp=enc%3AAQAKAAAA4FkggFvd1GGDu0w3yXCmi1dHzC9nbnG%2FWt4XElm3%2Bl9IJCKihHzKRfmL4nXyX%2FpVo0tHv%2BhuI8RUYtHCgyGh%2B8dNnTco3i%2BZGBb1i%2FfBkRbwIYVC14nNbUM%2FKwA07hWShxXfe6p8zZKzb4BQCZVEg62xNYTfBHnaxv8sTWKc7tg2bfxeEG7ePnw1XvnCq%2BLlG%2BilzZ1FrS9j%2FF6qfFI1v0vaKU%2FteLHbw3d2psZGUMajCPimDCKcAVdvWiqGIPnVtHAoTLWg53qOfFrcwIrkrEgtS3Anib%2BWEjKQEazo3oHh%7Ctkp%3ABk9SR7yAxPnHZQ,https://i.ebayimg.com/images/g/mW0AAOSwz91mOp-T/s-l500.webp,5.0
watches,Citizen Men's Blue Angels World Chronograph Eco Drive Watch AT8020-03L NEW,https://www.ebay.com/itm/396145492409?_skw=watches&epid=177602893&itmmeta=01JRZSH005A4X4RG781D2CSZRJ&hash=item5c3c1c81b9:g:lzEAAOSwDYNnknfY&itmprp=enc%3AAQAKAAAAwFkggFvd1GGDu0w3yXCmi1e%2B4mGD6Zzua20s1CucrWUaPhTDd6T6lqFKw%2Fx3wt%2FAsw4iPT4BG0%2FmCUVrtixda9dzS%2FAVjGQpS5zytEigkQdXnVlKLlH9dC1U7fGbuequWvm%2FldlurQ5bgMma2FBn5jjEWLN02IDiffS4dqbxIxwhjFrVTCJxQV32uklLUktg%2FGcgKznqqmcJVxAIzHImmXVeDVrjYqF3Mzbc26xdmGeiuS7GCCXROzK2Qu6H1uVIvA%3D%3D%7Ctkp%3ABk9SR7yAxPnHZQ,https://i.ebayimg.com/images/g/lzEAAOSwDYNnknfY/s-l500.webp,5.0
watches,Luminox Navy SEAL XS.3253 45mm Military Dive Blue Men's Watch MSRP $645,https://www.ebay.com/itm/256740518362?_skw=watches&epid=28054087860&itmmeta=01JRZSH005HTTMMTSN46N4S5V7&hash=item3bc6ed69da:g:SicAAOSw1H5nUi2S&itmprp=enc%3AAQAKAAAAwFkggFvd1GGDu0w3yXCmi1eocCV4mOuI%2BDrC6Hv2SHt%2F6Pj21Hf0J7uaotpGPFH9AQhv%2BUniUGnMKoeD0fOUbA4iw7bfrQ6B1vv4KssL5H2gnXuZImktqcp0%2FB1QSRHNoRJZzPqVttfyJvqiDVGEpK1hQy%2B3To8Pv3rdQM84DhiP96HIP0uCci864wXH862oH67b2jXMN40UcqFOFNu%2BmZ3qLwPnJqJE0n%2F9IRm4tLB02Ixr%2BqGpgXvrDe%2BROfewAg%3D%3D%7Ctkp%3ABk9SR7yAxPnHZQ,https://i.ebayimg.com/images/g/SicAAOSw1H5nUi2S/s-l500.webp,5.0
watches,Men New Bulova Classic Green Marine Star Stainless Steel 96B396 Watch (43MM),https://www.ebay.com/itm/296513695815?_skw=watches&epid=17062110789&itmmeta=01JRZSH0056DVSYBXMMWD6ZWE4&hash=item450997f047:g:ZhIAAOSwznZmcn~N&itmprp=enc%3AAQAKAAAA4FkggFvd1GGDu0w3yXCmi1fhMcamzABsL%2Btla222rJRC2w2eqJUU08aQVsBeenJnVxLgyUX7KYhAXPLM1YKZIy4OV6aiyYLQ4CEJoMhH8Aoet5lYV9LL8m53pUhIq1eS4vxwwpr4RmC6rD%2FI0GjgslmDWXTbxRgkXBE6SwWsSc8%2BWkakpEhJJsb9F1iNOJ9YggGnK2CMRzTUQwSadpIpvz6aozySK47LYv%2B8%2BbN5O7AbcqlaLPIP7wKObxce93yrR8EKMYk8IfLlyCnliOqvEf8eIL0dMCpt1t5RD3HOtN9%2B%7Ctkp%3ABFBMvoDE-cdl,https://i.ebayimg.com/images/g/ZhIAAOSwznZmcn~N/s-l500.webp,4.0
