Query,Title,Link,Image URL,Rating,Price
engine,"Engine Camshaft-R/T, VIN: T Mopar 53022372AA",https://www.ebay.com/itm/387378509859?_skw=engine&epid=179372145&itmmeta=01JRZRXJA85YV7S0E4DB8MYP4Q&hash=item5a318ef823:g:33UAAeSwrKJntb0M&itmprp=enc%3AAQAKAAAAwFkggFvd1GGDu0w3yXCmi1dWIQIDnm7cjl52j0kQ16wbAjlguyLbCToQszSUUaMHZSsRSbi7zXyRTi743CqvD2VSmgEAEomu9PRo3au28ufOKST1%2FPDFpSE9JXcxnRhj007wiTokVGTiq2Vu9AKPX4c4x2bHP429d85jEnjjgByavIjmgqOZB43eyuT9nyI--8TdLIx1I9Ds%2BmMpuUWIlNHxWgQE3R6rflRzvGXg70xY%2B9pRnxSsdQQVXpsVPuHBvg%3D%3D%7Ctkp%3ABk9SR-Sl9vjHZQ,https://i.ebayimg.com/images/g/33UAAeSwrKJntb0M/s-l500.webp,5.0,200.0
engine,"Melling Engine Oil Pump M360HV; High Volume, High Pressure for 05-12 Ford 5.4L",https://www.ebay.com/itm/204001361296?_skw=engine&epid=245320195&itmmeta=01JRZRXJAA19PJBZ6TVDF1W74R&hash=item2f7f6dbd90:g:lK4AAOSwx5FisMs1&itmprp=enc%3AAQAKAAAA4FkggFvd1GGDu0w3yXCmi1dTEGxdgf4ip1BCKHVbii9sO9tPrCJAd4Mbyli8%2FAgNcdvpVJM4RUIWrYqVHnEwJ1m6vf2W8baY4ErJ%2FrbaMySCNU%2BFLzUUZwtlyoCMzm1oIIRfvhJqIKiJTTMbLgqSKZ3l%2FNcb9HQYNQQiLAGeAn6nXjEyvcWOeoOmycdRXEISkChVhHu4diVI8ywThu1JgMdjmjIbZi9tGKyuFYTb7fUp6IMUGuGkeqMj8K1G811%2Femaz%2Fe%2FzfxunxHZts11OrgLGnahJPq5UfO20ga9G8lpH%7Ctkp%3ABk9SR-ql9vjHZQ,https://i.ebayimg.com/images/g/lK4AAOSwx5FisMs1/s-l500.webp,5.0,139.0
engine,Genuine Ford Engine Cover K2GZ6A949B,https://www.ebay.com/itm/135285553052?_skw=engine&epid=13034782945&itmmeta=01JRZRXJAB535NF8F70DJKMTD3&hash=item1f7fa5b79c:g:ipkAAOSw845m~4bn&itmprp=enc%3AAQAKAAAAwFkggFvd1GGDu0w3yXCmi1e8o4CfbF7kBpoql4ixNhWyBBZ6ef5YINjmTbX0V0%2FfjM%2BwbqgxV8yAcSi3RuaSOxC3B%2F23XTqjh9JGq6yuP2nIJinVQ2GF9%2Breu7QW3sEAJVf0o%2BfgT%2BRRzmSGnao7tqyrDCvElM3xqD7pzqDJ6VypQhG5x5dg3aRkiM1iUpNMgMdHO4gBRTPfSZJGLp2dWtgHiAWByFfcuRo5PcL9N1FknAzvghwRZi5sBpuIauom1A%3D%3D%7Ctkp%3ABk9SR-yl9vjHZQ,https://i.ebayimg.com/images/g/ipkAAOSw845m~4bn/s-l500.webp,4.5,103.38
battery,CR2032 Buttton Battery DL2032 CMOS 371LM 3V Watch Battery /Car Remote (2 Pack),https://www.ebay.com/itm/285528764395?_skw=battery&epid=13034360268&itmmeta=01JRZRXYTDPJJHJ0AQS4Q2HS5Y&hash=item427ad72feb:g:uqYAAOSw7XFlNrc-&itmprp=enc%3AAQAKAAAA4FkggFvd1GGDu0w3yXCmi1fEJkD7GyGs8gzDg6XPZe8plJLsh%2F5TQELaayWBAkh5snnWS%2FwUe1xs9CIqadyJcaGWex2joTHmoLojKeuITFwbIqIOprtMKrfgJVhfgxmN%2BTLH6U6GDCGS8FSDDFBY%2FX8g%2BbLI4qkwUHaLvSYUgAN60C7s7LV%2Fvuvv6y6KWZwtI5PayuCFzM9DNyAHE%2BNL8cwWylslxN%2FpNKHWVENV5d4ndQuvFHeHPbgkdMleG4kz7967Jcpay4VfQcu0JWv8MguKKK1tajIrrxZ%2BAgQf4lop%7Ctkp%3ABFBM7u33-Mdl,https://i.ebayimg.com/images/g/uqYAAOSw7XFlNrc-/s-l500.webp,5.0,0.99
battery,Ring Doorbell Quick Release Battery Pack,https://www.ebay.com/itm/126859210078?_skw=battery&epid=24029950378&itmmeta=01JRZRXYTDG6Q9FDA7RT4XVNPZ&hash=item1d8965ed5e:g:lHwAAOSwrmRnc-z7&itmprp=enc%3AAQAKAAAAwFkggFvd1GGDu0w3yXCmi1eQrjClKA0nlNZXkwv4sVYE2JG2Fzaxb2pt%2FF3TA8TZ1m%2BPgC4FPxAVBD6YdoDJIhYlP%2BGkMg3b4qeNiFzzEzXTqcoHEohC7cksHDZ091dbJOYjxpDtbQUpwl0FHCIZm8zFOVMomMuPo9nrMpVSRAnp5%2BsHk%2BhfHLPW2zuYZE1ROzyVbqB2w%2FKQhI1UO2vcTlVH%2F0yQI2faLiBuAszeBzRGpR6ONqoKceWFbg%2BM%2F2nXlA%3D%3D%7Ctkp%3ABk9SR-7t9_jHZQ,https://i.ebayimg.com/images/g/lHwAAOSwrmRnc-z7/s-l500.webp,5.0,19.78
battery,Odyssey PC680 Extreme Series Powersport Battery 170 CCA,https://www.ebay.com/itm/375793318534?_skw=battery&epid=1011811704&itmmeta=01JRZRXYTE29C3PC59QZYHP0B1&hash=item577f06fa86:g:XFoAAOSwHwpnN6nU&itmprp=enc%3AAQAKAAAA4FkggFvd1GGDu0w3yXCmi1e2HPYyCsvAgQtboQsrGZ1U0CLt19lJT4i6VYnRh7hbJ6ajhY86YgeQXNY9wA%2F1C59ugye0b3F7Cm5jrEkzlQ3Opf6sn6uDxATptPC2eri%2Fksj0gMHDZwLdNgBVYTKw9mvt%2B6rqPyLG5l2fntYIgWH5vYaIkrTncAUpRk8h1B%2FlbiOE3FBxSMBw7MAfaFdpg%2FdZk6jWJE2N5ONmCO0svj1QsAx6HrngRE87N7%2BFjkjexewGdyXReeKWbCICneUValC7%2B%2BQ4ryfxnFPasa0DiqMh%7Ctkp%3ABk9SR_Dt9_jHZQ,https://i.ebayimg.com/images/g/XFoAAOSwHwpnN6nU/s-l500.webp,4.5,155.0
battery,Duracell CopperTop Alkaline 9V Batteries 4 Packs Of 4 (16 Total) Exp 3/25!,https://www.ebay.com/itm/167431663737?_skw=battery&epid=22033925749&itmmeta=01JRZRXYTEZJ33007X5MZZ4KB4&hash=item26fbb47079:g:otwAAOSwwpdnUfxr&itmprp=enc%3AAQAKAAAAwFkggFvd1GGDu0w3yXCmi1dyfAJ2Y501ps4odfMdgtq9hgmY90A4qjPB25MVw5fTJEAw7fC1hPTd3s3yft%2Fb2U2jc1%2BQqFdUP5Xky%2BCeJIVqDDZju9VVlpcWy2K%2BTmyT8c1vmsTHLI3V%2Fm4zzxKO0haMqHCwn9ZfUk78GIrqYur6Ih%2FJsPsr8y%2FjToJRY8h%2BNWZ0mraF27NIcQQ4CMGoJjzKYU35ZDbSj1OaQ7bS9HHl1hH44t3cdvHlkoA3jHvrbA%3D%3D%7Ctkp%3ABk9SR_Dt9_jHZQ,https://i.ebayimg.com/images/g/otwAAOSwwpdnUfxr/s-l500.webp,5.0,19.99
battery,Milwaukee 48-11-2450 M12 RedLithium HIGH OUTPUT 5.0Ah XC5.0 Battery Pack,https://www.ebay.com/itm/364146263357?_skw=battery&epid=19056709203&itmmeta=01JRZRXYTEEAZXP718SB8KXNRS&hash=item54c8cf053d:g:IXYAAOSwq21j6ppS&itmprp=enc%3AAQAKAAAAwFkggFvd1GGDu0w3yXCmi1cdfDKb8MN0i3w1Dn5Mh26b4PY441Vj7GEtBRv4nn4Mk3Z5UL8LzzJmVMNQCYEZNmSQXLKrVx7nTxibUMKaAMXdYGU2PyvtEQtdoZtYsthT0Durh3wM7Ax20PtYDJF8DJqEHBB06u9Z6%2FZIZaEG0qd%2FqBsx4X5IKOSB65iASBx%2Bb8BuIv1oC%2FAfu4lwZBLnzb7eYPAouY16bk5HgMdMh4BLVqJoKFL09CMZ3CpsuZ3b%2Fg%3D%3D%7Ctkp%3ABk9SR_Dt9_jHZQ,https://i.ebayimg.com/images/g/IXYAAOSwq21j6ppS/s-l500.webp,5.0,63.49
battery,(1) GENUINE 18V Milwaukee 48-11-1828 3.0 AH Battery M18 XC Red Lithium 18 Volt,https://www.ebay.com/itm/363929414482?_skw=battery&epid=1703541284&itmmeta=01JRZRXYTEZ4RQK17QFZP0Y91X&hash=item54bbe22b52:g:iTwAAOSwO~9i6Rlg&itmprp=enc%3AAQAKAAAAwFkggFvd1GGDu0w3yXCmi1ePR%2F2K3XSaCc6KjvbQQVJzc1WDQHXRrtfIxnT8XQn94O%2F23Pja93%2BxomLCm4AsDjkTXE2yo4KT2%2FwHcr0enDt2Ms2irUy2%2FFzO6EO9%2F4mJl%2FVUSzple5dijQAuXUJnY3iYRYB17SDoCXsqnfo5RGX0W6rzAKP%2FSAtAeVa9zIEPY4CtRvpOXisjpVgr8OJvZ%2BvJGmhtkM8HZlQJadCPtxoAipz3xqDMa3CWQ7%2B0HV1bng%3D%3D%7Ctkp%3ABk9SR_Dt9_jHZQ,https://i.ebayimg.com/images/g/iTwAAOSwO~9i6Rlg/s-l500.webp,4.5,43.5
battery,WeinCell 1.35v mercury-free camera battery PX625 PX13 (MRB625). Graded: NEW [...,https://www.ebay.com/itm/234454270613?_skw=battery&epid=1723130361&itmmeta=01JRZRXYTFDRGZ4Y6PTDTJDRA8&hash=item3696904295:g:jZ8AAOSwa7FfOn76&itmprp=enc%3AAQAKAAAAwFkggFvd1GGDu0w3yXCmi1cpukYpqSNhqpsh2snQXfobPW7u31ZII5hBCkPwa2OLz%2B6XvGDxNakCp9guvYwMHscX1DTh2CEnSj0AaevKAWdRoTI94Bc%2FNQamYwX0LZjnxg6qnkOxShyf7luHwFJLlMS%2BQKhknnaYTlPLcI0sAOto5DV%2Fl3F4GnXywJUppuOnPK6zjvOSsJgGuiiZFzCNvAyZbLQb2sMMrb0EWF1tY4fPWRItSnfKO5Q9XaGf2U8ZBg%3D%3D%7Ctkp%3ABk9SR_Lt9_jHZQ,https://i.ebayimg.com/images/g/jZ8AAOSwa7FfOn76/s-l500.webp,5.0,8.93
battery,Yuasa Motorcycle Bike Motorbike Battery YTZ8V ( DTZ8V BTZ8V ) Pre-charged,https://www.ebay.com/itm/226484289658?_skw=battery&epid=23017020041&itmmeta=01JRZRXYTFS67FFHX0YV2JEBP7&hash=item34bb84007a:g:RHkAAOSwAhZnU2Ns&itmprp=enc%3AAQAKAAAA4FkggFvd1GGDu0w3yXCmi1ekiid4wumu1e--y%2Bw3eIcqQ5RPczRz1IoN7hZaAvjVuLszo%2BpltPwcaldlCo4eCrXUFB6DKZc4DA9buZz7Dea29sojjscyvtwaEa7AgNVTTZeF9s5AyJTSxXrTCE%2BrH9glyFsYTZwGTHGNvYYWINC%2FYRVStKcMuW2EFHuILzJ7SnKwT1JrrTK0fYDuFyuGML7qeFjxTi0QXeXuoppAVbc9Z9yIUEbtx28oPuYf1Eo7nCgO3EC88HF7UGwqYlUWr%2Fj7SeAKRbDRLTeAWq0kxA9X%7Ctkp%3ABk9SR_Lt9_jHZQ,https://i.ebayimg.com/images/g/RHkAAOSwAhZnU2Ns/s-l500.webp,5.0,92.6
battery,Milwauke 48-11-1812 M18 REDLITHIUM HIGH OUTPUT HD 12.0 Battery Pack ! GENUINE !,https://www.ebay.com/itm/365516519159?_skw=battery&epid=24025829677&itmmeta=01JRZRXYTFWES418YMQSS27JSG&hash=item551a7b76f7:g:u4QAAOSw0hpn9N6t&itmprp=enc%3AAQAKAAAAwFkggFvd1GGDu0w3yXCmi1cFr0EpivOXWUb%2Fcw9Arh0nxIdqIaDJCrLMmhqCDPN%2FN4%2BF8EJqbOJXoVbNRHVQ6pgKgFngsEz0ckV00l5Ll%2FWgM637tZHqQO6F%2FVqQcxQ5zd9RrICCQK9jPsjknfZG7LLRs0GaZ8dNZXnQ%2Fq%2BIZl7PfKVxzEFcea5mb1owVApEXKH9kI6peQG26HoXedeptFwioCAcHEgTACOSD0oCp7yoWoA0nEr9Lr0ksSlb6KSa0g%3D%3D%7Ctkp%3ABk9SR_Lt9_jHZQ,https://i.ebayimg.com/images/g/u4QAAOSw0hpn9N6t/s-l500.webp,5.0,130.0
battery,YUASA YBX3000 YBX3012 Starter Battery 12V 52Ah 450A,https://www.ebay.com/itm/133655833038?_skw=battery&epid=248631627&itmmeta=01JRZRXYTFMJ0NQC9Z78K2JVH0&hash=item1f1e8229ce:g:kwEAAOSw2DFgG-fH&itmprp=enc%3AAQAKAAAA4FkggFvd1GGDu0w3yXCmi1dyx3W3wJCfeVNLSXhvpFluJQda3f2eAeXbhMUXIPhIUy3mW1%2FchAqQr%2FNXzHkmVQIFoPPm6f4itlcczJmnbX4OHJI3mJMRNfcA74urgdbAI%2FSob4B4VxLvWwHVfcqyurmbmGchIuc5SA5xJm6nVSCIxv6X8De%2FHit%2BLnmjVYqlH0vueJ3qCne72JeaEd666Q5xqZgYwzi2BzqegWNdOfwDmpFAvRHI2ocnmF4VDNyjSEPlHZMZ60wAQi2RY40RQsk01Gq7E5%2BOlCsKObJukZ0X%7Ctkp%3ABk9SR_Tt9_jHZQ,https://i.ebayimg.com/images/g/kwEAAOSw2DFgG-fH/s-l500.webp,5.0,65.88
battery,Yuasa Motorcycle Bike Motorbike Battery YTZ10S ( DTZ10S BTZ10S ) Pre-charged,https://www.ebay.com/itm/226484289563?_skw=battery&epid=2072376850&itmmeta=01JRZRXYTF3HPQWZVDW5N4E5N5&hash=item34bb84001b:g:g7wAAOSwlQ9nU2Os&itmprp=enc%3AAQAKAAAAwFkggFvd1GGDu0w3yXCmi1eErJZ4RgOo92WullPN2gyGeOzqi0m8O6%2BKAnWjV00tqswh6DPdEe8RxTNdE%2FPKQSF%2FgRsxWLbiBDfY78PAXicRK2L1vu%2BA3CKe0iHX0dOXrufXfTkpc4rpObQph28NsYKQyD%2Fh9JgB89EHYtC%2Fb8dqS8sZh95%2Fl7rf9otLG0%2FoSyj1rbotq9%2FzcnwE53m79dsCA7d%2FkDmsVxA8QFZLuxGIOUMicDZtcZrHSNTrL4yLog%3D%3D%7Ctkp%3ABk9SR_Tt9_jHZQ,https://i.ebayimg.com/images/g/g7wAAOSwlQ9nU2Os/s-l500.webp,5.0,98.69
fuel cells,"40 Litre Fuel Cell/tank With Level Sender Unit, Polished Aluminium",https://www.ebay.com/itm/264250136205?_skw=fuel+cells&epid=15027893943&itmmeta=01JRZRYANV1S1VHGZ6JSM87NJ1&hash=item3d8689168d:g:7TAAAOSw71Nn5Ajf&itmprp=enc%3AAQAKAAAA8FkggFvd1GGDu0w3yXCmi1dpn8d7GYmaYwTAPE4TqKkl7WsnrbMTM0G49McCaKWst8GEYUh6CqIL3Um%2BzDHyMWb1PFQsCQJ7bYwXBt4EGK8vtPhBiufyDQAUCXtkxLZfQXt1XI6PX7OfZ43CqabzuI5ygC10yl%2B4KYdtxTWx%2FL%2Bq2EGKCpjY21LEikZtTvPEnvx1iSOQaMYfWpq4Ch45pwA7356ghHTuZvfpBENCUoSEyMNR1jfX7FOB1tfpjv6ibaReikgdvJbGSPRqKO8sYR51pNTsGrSvrPldCyTWvihQs88vX0Ezain0%2BHcSFqXVeQ%3D%3D%7Ctkp%3ABk9SR6yr-fjHZQ,https://i.ebayimg.com/images/g/7TAAAOSw71Nn5Ajf/s-l500.webp,5.0,211.63
fuel cells,3 GALLON/11.35 LITER POLISHED CHROME ALUMINUM RACING DRIFT FUEL CELL GAS TANK,https://www.ebay.com/itm/201561993316?_skw=fuel+cells&epid=852972193&itmmeta=01JRZRYANV81ASM1JQ2XH833QC&hash=item2eee07f064:g:eioAAOSw6dJm-QjR&itmprp=enc%3AAQAKAAAA0FkggFvd1GGDu0w3yXCmi1fxubb%2BB5BZ1CBOwjIAS80wZArb9w4lyz06%2FfQZWnd7GjpN07j2LOUxx7dNeGK1bZVuGk%2Ff3rAlrnBdwVEjbjrP4UVfU--jXTzqy%2Fu%2BQy3rVyoFLNy9FMDnc80OlAkKvpFGVGij%2B0X5IiubQ5K8uR63M%2BNoZv6BuQa%2FEwp5cnpGUteojIrabgtvWAdU8LoGkRd3S7dBRoWPZsYaNNdbT73v2Y5lF1zC5M%2F7ISG%2B2nHJNYTeSKSSicqCgoIkC4Zab6Q%3D%7Ctkp%3ABk9SR6yr-fjHZQ,https://i.ebayimg.com/images/g/eioAAOSw6dJm-QjR/s-l500.webp,5.0,61.88
fuel cells,1 GALLON LIGHTWEIGHT POLISHED ALUMINUM RACE DRIFT BOTTOM FEED FUEL CELL TANK,https://www.ebay.com/itm/172168103455?_skw=fuel+cells&epid=17006519385&itmmeta=01JRZRYANXYKM8AJRE4QK6D3N9&hash=item281604c61f:g:-4EAAOSw0gJm-Qt3&itmprp=enc%3AAQAKAAAA8FkggFvd1GGDu0w3yXCmi1dbgaUz0lpjMT5AYvr5kvLk43C73CjqSDzbAt2xAle2aX51pxbXDJ%2FNuAiw4WHEHShRUOTX0b4cP8%2F9oF1sZsH%2FBEX6AvFAdUxnaIFUJ0C6KQITI6VQsakjoMB4ZzI19XLLBNf067u4BCBwUqli3J34St%2FkcT1IzcWMaUW3sVqsv3WAgXak8ZJ9qOAqju%2FP8g%2BKXpk5zD9Zf7w4WgDC151xVSbimJuq5x8nxCl4mzxy%2BAg3kHNWSmtnb1nmn50esw9kHPdMuoTr7GdQCNr%2FVnKRe7VLCIDVjzPjS%2BvpbiGk7w%3D%3D%7Ctkp%3ABk9SR7Kr-fjHZQ,https://i.ebayimg.com/images/g/-4EAAOSw0gJm-Qt3/s-l500.webp,5.0,65.88
